APIC,APIC,APIC,APIC,サークル,0
ＢＬＳつくば,BLSツクバ,ＢＬＳつくば,ＢＬＳつくば,サークル,0
SAS(Supporters for Adapted Sport),SAS,SAS(Supporters for Adapted Sport),SAS(Supporters for Adapted Sport),サークル,0
TICA,TICA,TICA,筑波大学で活動しているサークルです。いつでも誰でもお気軽に連絡してくださいね！学部生から大学院生、日本語をうまく話せない方、ポスドクの方！までどなたでも大歓迎です！週一回定期集いコンサートを開催、音楽、映画、バイブルを読みながら留学生と楽しい交流を！,サークル,0
ViCC~映画をつくる会~,ViCC～エイガヲツクルカイ,ViCC~映画をつくる会~,筑波大唯一の映画制作サークルです。毎週木曜日にミーティングを行い、別日に撮影しています。もちろん映画をつくるだけでなく、飲み会や旅行も！『世界一途中入部しやすいサークル』です！！,サークル,0
VIP(国際ボランティア推進会),VIP,VIP(国際ボランティア推進会),VIP(国際ボランティア推進会),サークル,0
earth,アース,地球学類の略,生命環境学群 地球学類の略,学類,0
アーチェリー部,アーチェリーブ,アーチェリー部,初心者歓迎です！アーチェリーは大学から始める人がほとんどです。まずは体験射会にお越しください。質問等ありまし たら、上記メールアドレスにお気軽にお問い合わせください。,部活,0
I.T.C.(International Talking Club),アイ・ティー・シー,I.T.C.(International Talking Club),英語力を向上させたい方、英語を楽しんで使いたい方など英語に少しでも興味がある方、ぜひ見学にいらしてください。お待ちしてます。少しでも興味をもたれた方や、見学ご希望の方はメール下さい。活動場所などご連絡致します。,サークル,0
合気道部,アイキドウブ,合気道部,合気道は護身術にも役立つといわれているように、女性や子供でも無理なく続けていける武道です。　運動は得意じゃないけど体を動かすのが好きな人、力を使わず相手を制す技や、いざという時役立つ受け身を修得してみたい人、少しでも合気道に興味のある人はぜひ一度見学に来てみてね。新しい発見がきっとあるはず！,部活,0
アイススケート部,アイススケートブ,アイススケート部,フィギュア部門スピード部門に分かれて活動しています。合宿やレクは合同です。先輩や経験者に技を少しず つ教えてもらいながら練習します。,部活,0
アイセック委員会,アイセックイインカイ,アイセック委員会,アイセック筑波大学委員会は現在20名で筑波大生向けに「海外インターンシップ」の運営を行っております。,サークル,0
愛知県人会,アイチケンジンカイ,愛知県人会,愛知出身の方!飲み会、学祭などなど楽しんでいきましょー!! ぜひご連絡下さい\( * ´∀` * )/,県人会,0
ITF.,アイティーエフ,筑波大学または楽曲の略,"IMAGINE THE FUTURE ～未来を想え
筑波大学の略",,0
アカペラサークルDoo-Wop,アカペラサークル　ドゥーワップ,アカペラサークルDoo-Wop,私達は、楽器を使わず無伴奏で、声のみで曲を仕上げていきます。未経験の人でもやる気さえあればできるようになるし、音楽経験のある人ならば、表現の幅を大きく広げられます。,サークル,0
あじよし,アジヨシ,定食,"定食
要２８８―２
営業時間　月曜日〜金曜日
定休日　土曜日・日曜日",定食,0
Association of Filipino Scholars in Tsukuba,アソシエイションオブフィリピノスクーラーズインツクバ,Association of Filipino Scholars in Tsukuba,Association of Filipino Scholars in Tsukuba,サークル,0
油虎,アブトラ,そば・うどん・麺類（その他）、ラーメン、つけ麺,"そば・うどん・麺類（その他）、ラーメン、つけ麺
筑穂1-1-13
営業時間　11:30～14:30
、17:30～22:00
　材料が無くなり次第閉店
定休日　日曜",ラーメン,0
天1,アマイチ,天久保1丁目,"天久保1丁目
居酒屋、キャバクラなど社会人向けの店舗が多い
豚八",地名,0
天3,アマサン,天久保3丁目,"天久保3丁目
体育・芸術エリアと大学会館
百香亭、トタンコットンカフェなど",地名,0
アマチュア無線クラブ,アマチュアムセンクラブ,アマチュア無線クラブ,アマチュア無線というと技術が必要とか何かと難しいイメージがあるかもしれませんが、入部する人のほどんどが初心者なので、全然問題ありません。また、電気回路やコンピュータにも強くなれます。まったりした飲み会もよくやっています。 学群や学類を問わずに幅広く部員を募集しているので、お気軽にミーティングにいらしてください。 ,サークル,0
天2,アマニ,天久保2丁目,"天久保2丁目
平砂の東側
北方園、ZEYO、イチカワなど",地名,0
AmusementCreators,アミューズメントクリエイターズ,AmusementCreators,主にPC向けのゲーム等を開発するサークルです。初心者歓迎。,サークル,0
アムネスティ・インターナショナル,アムネスティ・インターナショナル,アムネスティ・インターナショナル,アムネスティ・インターナショナル,サークル,0
アメリカンフットボール同好会　プロミネンス,アメリカンフットボールドウコウカイ　プロミネンス,アメリカンフットボール同好会　プロミネンス,大学生活楽しみたい！！けど、それだけじゃ物足りない！！ 新しい事に挑戦してみたい！！けど何やろうか迷ってる！！ そんな諸君。一緒にアメフトやろうぜ！ ,サークル,0
アメリカンフットボール部EXCALIBURS,アメリカンフットボールブエクスカリバーズ,アメリカンフットボール部EXCALIBURS,関東大学1部リーグで日本一を目指しているチームです。部員の多くは体専以外の学生で、経験者もほんの少ししかいません。誰にでもチャンスがあります。一緒にやってみませんか？尚スタッフも募集しています。興味のある方は気軽に連絡してください。,部活,0
アリーズ・ケバブ つくば店 （Alis Kebab）,アリーズ・ケバブ　ツクバテン,西アジア料理,"西アジア料理
天久保2-6-8
営業時間　11:00～14:00、17:30～23:00
定休日　水曜日",洋食,0
E.S.S.（English Speaking Society）,イー・エス・エス,E.S.S.（English Speaking Society）,私たちはディベートセクション、スピーチセクションに分かれ、それぞれ大会に向けて英語ディベートとスピ ーチの練習をしています。英語力だけでなく、論理的思考力やプレゼンテーション力が身につくので卒業してからもここで の経験を生かすことができます！ ,サークル,0
イーアス,イーアス,研究学園駅北にあるショッピングモール,"研究学園駅北にあるショッピングモール
映画館もありつくばでの買い物の大半はここで出来る",ショッピングモール,0
E.L.L.,イーエルエル,E.L.L.,それぞれが好きな音楽を自由にバンドを組み、楽しんで活動しています。LIVEは月１～２回のペースでやっています。E.L.LのみのLIVEはもちろんのこと他のバンドサークルバンドサークル（筑波音楽協会、つくばフォーク村、PBCM、図情軽音etc）との合同LIVEも数多く行っています。,サークル,0
E-cube,イーキューブ,E-cube,E-cube,サークル,0
医学,イガク,医学類または医学エリアのこと,"医学群 医学類または医学エリアのこと
医学エリアには筑波大学付属病院、医学食堂などがある",学類,0
医学アイスホッケー部,イガクアイスホッケーブ,医学アイスホッケー部,医学アイスホッケー部,部活,0
医学空手道部,イガクカラテドウブ,医学空手道部,医学空手道部では部員を募集しています！経験者、未経験者、学類は問いません。空手をやりたい、見てみたい方はぜひ稽古へ来てください！稽古のあとはご飯に行きましょう♪,部活,0
医学弓道部,イガクキュウドウブ,医学弓道部,筑波大学医学弓道部は、初心者・経験者問わず、弓道をやりたい方なら誰でも大歓迎。少しでも医弓に興味のある方は、新歓イベントや体験に気軽に来てみてくださいね。,部活,0
医学剣道部,イガクケンドウブ,医学剣道部,活動内容や部員紹介、大会成績などの掲載を中心に、日々の医剣の様子を伝えることを目的としています。また、部員やOB・OGだけでなく、剣道関係者や入部希望の方、未経験だけど剣道に興味があるという方など、幅広い交流を目的として設置しております。多くの方のご来場を部員一同、お待ちしております。,部活,0
医学ゴルフ部,イガクゴルフブ,医学ゴルフ部,医学ゴルフ部,部活,0
医学準硬式野球部,イガクジュンコウシキヤキュウブ,医学準硬式野球部,準硬式野球は、準硬式球という、見た目は軟式ボールで中身は硬式ボールという性質を持ったボールを使って行う野球です。ルールは普通の野球と同じです。医学部の野球部では、硬式野球部よりも準硬式野球部の方が多く、医学界ではメジャーな野球スタイルとなっています。,部活,0
医学食堂,イガクショクドウ,医学エリア　医学福利厚生棟１Ｆ,"医学エリア　医学福利厚生棟１Ｆ
11:00~15:00（月~金）",学食,0
医学水泳部,イガクスイエイブ,医学水泳部,室内50mプールで週4回練習しています。初心者・経験者・マネージャー・医学以外の学類からも大歓迎！,部活,0
医学スキー部,イガクスキーブ,医学スキー部,アルペンスキーやクロスカントリースキーを行っています。,部活,0
医学ソフトテニス部,イガクソフトテニスブ,医学ソフトテニス部,部員各自、各々の目標に合わせた強度でソフトテニスの練習をしています。,部活,0
医学卓球部,イガクタッキュウブ,医学卓球部,初心者の方や医学でない方も大歓迎です。,部活,0
医学テニス同好会,イガクテニスドウコウカイ,医学テニス同好会,医学テニス同好会は楽しむためのサークルですから、部活のような厳しさや時間的拘束は一切ありません。とは言えそれなりの練習量は取れるので、初心者でもやる気次第でどんどん上達できます。,サークル,0
医学図書館,イガクトショカン,医学エリアにある図書館,医学エリアにある図書館,図書館,0
医学硬式庭球部,イガクナンシキテイキュウブ,医学硬式庭球部,医学硬式庭球部,部活,0
医学バスケットボール部,イガクバスケットボールブ,医学バスケットボール部,医学バスケットボール部,部活,0
医学バドミントン部,イガクバドミントンブ,医学バドミントン部,部員それぞれの目標に向かって、バドミントンに励んでいます！,部活,0
医学バレーボール部,イガクバレーボールブ,医学バレーボール部,医学バレーボール部,部活,0
医学ハンドボール部,イガクハンドボールブ,医学ハンドボール部,ハンドボールの練習、試合、大会への参加など。メンバーでキャンプなどレクリエーションも行います。,部活,0
医学ヨット部,イガクヨットブ,医学ヨット部,わたしたちは週末に霞ヶ浦を拠点として活動しています。夏には江ノ島で合宿を行い、東医体優勝を目標に練習に取り組んでいます。部員のほとんどは未経験者で大学からヨットを始めています。ヨットは誰でも一から始められるとても魅力のあるスポーツです。部活の雰囲気は和やかでみんなで楽しく練習しています。,部活,0
医学ラグビー部,イガクラグビーブ,医学ラグビー部,医学ラグビー部は”やるときはやる！遊ぶときは遊ぶ！”をモットーに活動しています。入部、見学いつでも受け付けていますので、興味のある方は気軽に近くの部員に声かけてください。,部活,0
医学陸上競技部,イガクリクジョウキョウギブ,医学陸上競技部,医学系の部活として週4回大学の陸上競技場で練習しています！,部活,0
池坊華道部,イケノボウカドウブ,池坊華道部,毎週木曜日の18時15分から、文サ館1階で、みんなでなかよく元気に活動しています。興味をもった方は気軽に見学に来てください！,部活,0
囲碁部,イゴブ,囲碁部,初心者から県代表まで棋力は問いません． 興味を持った方は一度，見学に来てください． お待ちしています．,部活,0
居酒屋きく乃家,イザカヤキクノヤ,居酒屋、和食,"居酒屋、和食
天久保3-14-5
営業時間　11:45 ～ 14:00、17:00 ～ 24:00
定休日　日曜日　※土曜休みの場合もあり",居酒屋,0
1学,イチガク,第一エリアのこと,"第一エリアのこと
スチューデントサポートやスープファクトリーがある
1学食堂は
数学類、科学類、物理学類、人文学類の活動拠点
教室番号は1が頭につく",地名,0
1学食堂,イチガクショクドウ,第一エリア　第一エリア　１Ａ棟１Ｆ,"第一エリア　第一エリア　１Ａ棟１Ｆ
11:00~14:00（月~金）",学食,0
イチカワ,イチカワ,ラーメン,"ラーメン
天久保2-9-2 A101
営業時間　[月～土]11:30～14:00（毎日80食前後、大体13:30頃売り切れ）
臨時休業あり（ツイッター及びブログにて告知あり）
定休日　日曜日、水曜日",ラーメン,0
一の矢,イチノヤ,筑波大学の北のはて,"筑波大学の北のはて
かつて一の矢学生宿舎未改修棟は個室が非常に狭いと有名だった",地名,0
一休,イッキュウ,ラーメン、つけ麺,"ラーメン、つけ麺
桜2-1-7 グランパスつくば　１Ｆ
営業時間　11:00～24:00
定休日　不定休",ラーメン,0
インデアンレストラン ニューミラ,"インデアンレストラン ニューミラ
",インド料理、インドカレー,"インド料理、インドカレー
天久保2-16-10 誠和ビル1Ｆ
営業時間　11:00 - 15:00、17:00 - 23:00
定休日　無休",カレー,0
ウェストハウス,ウエストハウス,洋食、パフェ,"洋食、パフェ
二の宮2-14-12
営業時間　11:00～23:00(L.O.22:00)、日・祝 11:00～22:30(L.O.21:20)
定休日　無休",洋食,0
魚八,ウオハチ,和食（その他）、定食・食堂,"和食（その他）、定食・食堂
花畑1-15-3
営業時間　月～金　11:30～14:00、17:00～21:30
定休日　土日祝祭日",定食,0
宇宙技術プロジェクト,ウチュウギジュツプロジェクト,宇宙技術プロジェクト,STEPでは、技術者になるためのトレーニングの場として、ロケットや人工衛星といった宇宙に関する技術を題材にしたものづくりを中心とした活動を展開しています。 (1) 実際の製作技術の習得(2) ものづくりをチームで行う上で敷かれるプロジェクト体制の運用を経験すること(3) コミュニケーション能力やプレゼンテーション技術など個人能力向上 といった、机上で学ぶことのできない総合的実践力を楽しみながら養うことを目的に活動しています。,サークル,0
宇宙工学研究会,ウチュウコウガクケンキュウカイ,宇宙工学研究会,宇宙工学だけに関わらず、自然科学やプラモデル、軍事などに関心のある人が集まり、話し合ったり宇宙関連 イベントに参加したりしています。また、 有志でプロジェクトを立ち上げて製作活動もしています。さらに不定期で旅行に行ったりBBQをしたりしています。,サークル,0
映画研究部,エイガケンキュウブ,映画研究部,上映会に来てみてください。（もちろん無料です）そして「カチンコ」を読めば、映研（エイケン）のことが分かりますよ。ミーティングにも気軽にどうぞ！,部活,0
エクストリーム移動,エクストリームイドウ,コマ間の15分で春日～本学間を移動すること,15分の授業間休憩で第三エリア～体育・芸術エリアと春日エリア間を移動すること,,0
esys,エシス,工学システム学類のこと,"理工学群 工学システム学類の略
エシスとも工シスとも言われる",学類,0
SF研究会アルビレオ,エスエフケンキュウカイアルビレオ,SF研究会アルビレオ,ＳＦ・ファンタジー・アニメ・特撮・ライトノベル・ゲームなど、会員それぞれの趣味に応じたジャンルで小説・二次創作・批判・イラスト・ゲームなどの創作活動をおこなうサークルです。作品は会誌であるCYGNET やHOTLINE などを通じて外部に発表しています。,サークル,0
slis,エスリス,情報メディア研究科の略,大学院図書館情報メディア研究科,,0
NSK 日本サブカルチャー研究会,エヌエスケー　ニホンサブカルチャーケンキュウカイ,NSK 日本サブカルチャー研究会,様々なサブカル的趣味を持った人たちが会員宅に集まってダラダラするサークルです。サブカルに興味はある…けど創作活動は別にしたくない！そんな人にむいているのが本サークルです！,サークル,0
愛媛香川県人会,エヒメカガワケンジンカイ,愛媛香川県人会,香川県・愛媛県出身の筑波大生が集い、日々楽しく過ごしています。主な活動は学祭とやど祭でのうどんの出店で、他にも様々なイベントを行っています！入会希望やお問い合わせはDMかリプライで！,県人会,0
園芸クラブ,エンゲイクラブ,園芸クラブ,一の矢共用棟前の畑で季節の野菜や花を育てています。７月には取れた採れたての無農薬野菜でカレーパーティー！！気軽に遊びに来てください。,サークル,0
追越,オイコシ,医学エリアの東,"医学エリアの東
宿舎には体育専門学群生、看護学類生が多く住む",地名,0
応援部WINS,オウエンブウィンズ,応援部WINS,応援部WINS,部活,0
応援部ＷＩＮＳ,オウエンブウィンズ,応援部ＷＩＮＳ,筑波大学応援部WINSはリーダー、チアリーダー、アンサンブルバンドという3つの構成で成っています。これ までの常識にとらわれない新たな形の応援を目指し、体育会系部活動の試合応援や筑波大学のイベントでのステージ発表等、 様々な活動を行っております。,部活,0
大塚図書館,オオツカトショカン,東京大塚エリアにある図書館,東京大塚エリアにある図書館,図書館,0
お菓子作りサークル ヘンゼルとグレーテル,オカシヅクリサークル　ヘンゼルトグレーテル,お菓子作りサークル ヘンゼルとグレーテル,ヘンゼルとグレーテルとは2010年6月に設立されたお菓子作りサークルです。,サークル,0
沖縄県人会,オキナワケンジンカイ,沖縄県人会,沖縄県人会,県人会,0
お好み焼本舗 つくば店,オコノミヤキホンポ,お好み焼き、鉄板焼き,"お好み焼き、鉄板焼き
東新井9-1
営業時間　【平日】11：30-23：00　(食べ放題最終受付 21:20、L.O. 22:30)
【土日】11：30-23：00　(食べ放題最終受付 21:20、L.O. 22:30)
定休日",鉄板焼き,0
オリエンテーリング愛好会,オリエンテーリングアイコウカイ,オリエンテーリング愛好会,オリエンテーリングとは簡単にまとめるならば、地図を読んで森・市街地を走り、与えられたチェックポイントをいかに早く回るかを競うスポーツです。学年・学類に関係なく、体験や入部の希望を受け付けています！,サークル,0
外セン,ガイセン,2016年度よりグローバルコミュニケーションセンターに改名,2016年度よりグローバルコミュニケーションセンターに改名,地名,0
海鮮居酒屋 豊しん,カイセンイザカヤ　トヨシン,居酒屋,"居酒屋
天久保2-2-4 サンライズビル1F
営業時間　12:00～24:00
定休日　木曜日",居酒屋,0
海洋研究会,カイヨウケンキュウカイ,海洋研究会,夏の海、式根島と沖縄での合宿でスキンダイビングをするサークルです！,サークル,0
学園祭実行委員会,ガクエンサイジッコウイインカイ,学園祭実行委員会,学園祭実行委員会,学生団体,0
学生団体Hercules,ガクセイダンタイイハーカルズ,学生団体Hercules,『自ら道を切り拓く人間を形成する為に、切磋琢磨できる場を創る』という理念の下、プレゼンテーション、ロジカルシンキング、グループワーク等のトレーニング及び、企業・人物取材やイベントの企画・参加を行う。,学生団体,0
学生団体ＤＩＣＴ,ガクセイダンタイディクト,学生団体ＤＩＣＴ,学生団体ＤＩＣＴ,学生団体,0
学生ボランティアセンターピアラ,ガクセイボランティアセンターピアラ,学生ボランティアセンターピアラ,こんにちは、学生ボランティアセンターピアラです。私たちは「ボランティアを必要としている人と、ボランティアしたい人をつなげる活動」を行っています。具体的には、ボランティア情報の広報、ボランティアコーディネート（仲介・紹介）、ボランティアイベント企画などを主な活動としています。,学生団体,0
鹿児島県人会,カゴシマケンジンカイ,鹿児島県人会,鹿児島県人会,県人会,0
鹿島神流武道部,カシマシンリュウブドウブ,鹿島神流武道部,鹿島神流とは戦国時代に興った剣術、柔術を中心に薙刀や棒、懐剣などの様々な武具を扱う古流武術です。東京大学、京 都大学などにも支部があり、合宿など大きなイベントは他大学と一緒に開催しています。練習は週１回からでも参加できま す。ランニングなど力トレーニングのようなものはありません。先輩も大学から始めた人しかいません。女性、初心者、体 力のない方もお気軽に体験入部に来てください。「武術に興味がある！」「なにか珍しいことをやりたい！」など、少しで も興味のある方は是非一度稽古に来てみてください！,部活,0
春1,カスイチ,春日1丁目,"春日1丁目
春日エリアはここ",地名,0
春日,カスガ,春日エリア,"春日エリアのこと
春日食堂、春日講堂、情報メディアユニオン
教室番号は頭に7がつく",地名,0
春日食堂,カスガショクドウ,春日エリア　春日福利厚生棟,"春日エリア　春日福利厚生棟
10:30~13:30（月~金）",学食,0
春3,カスサン,春日3丁目,"春日3丁目
春日エリアの学生が多く住む
春日学園がある",地名,0
春2,カスニ,春日2丁目,"春日2丁目
春日エリアの学生が多く住む",地名,0
KASUMI　フードスクエア学園店,カスミ　フードスクエアガクエンテン,スーパーマーケット,"スーパーマーケット
竹園2丁目12-1
営業時間　9:00～26:00
毎月最終日は、土日祝日関係なく、24:00閉店",スーパーマーケット,0
KASUMI　フードスクエアつくばスタイル店,カスミ　フードスクエアツクバスタイルテン,スーパーマーケット,"スーパーマーケット
研究学園5丁目19番　イーアスつくば内
営業時間　9:00～24:00",スーパーマーケット,0
春4,カスヨン,春日4丁目,"春日4丁目
平砂の西側
RanRan、夢屋、仲々、moikka、BanBanなど",地名,0
合唱団むくどり,ガッショウダンムクドリ,合唱団むくどり,歌好きな集団です。私たちの団は合唱曲からPOPSまで、何で も歌いたい曲を選び、自分達で作り上げて歌います。合唱であの名曲のハーモニーを奏でてみたい方、ギター伴奏やピアノ伴奏をしたい方、お気軽に練習にお越しください。,サークル,0
カヌークラブ,カヌークラブ,カヌークラブ,カヌークラブでは週末や長期休業を利用して全国各地の河川に繰り出します！カヌーは敷居の高いスポーツかもしれませんが、大学で始めれば一生楽しめる生涯スポーツです！カヌーの体験だけでも構いませんのでぜひ連絡を！,サークル,0
cafe Clematis,カフェ クレマチス,カフェ、おにぎり、弁当,"カフェ、おにぎり、弁当
春日4-5-7 クラモチ春日マンション　1F
営業時間　[火～土]11:00～15:00(L.O.14:30)、18:00～21:30(L.O.21:00)　[日]11:30～15:00(L.O.14:30)
定休日　月曜日",スイーツ,0
カフェ　マルハバン　Café MARHABAN,カフェ マルハバン,喫茶店、丼もの、洋食・欧風料理,"喫茶店
第二エリア　２Ｂ棟１Ｆ
11:00 ~ 15:00（月~金）　※オーダーストップ14:30",スイーツ,0
株式会社アイデン,カブシキガイシャアイデン,電気店,"電気店
一の矢・追越地区　大学共用棟内",,0
カメレオン,カメレオン,カメレオン,とっても楽しくて良い仲間たちです。ぜひホームページに足を運んでみてください！ スポーツが苦手な方も、得意な方も大歓迎。一緒に体を動かしてすっきりしましょう☆ ,サークル,0
空手道部,カラテドウブ,空手道部,部員募集中！初心者でも大丈夫です！よろしくお願いします。,部活,0
歌留多部,カルタブ,歌留多部,歌留多部は毎週火・木・日曜日に文化系サークル会館1階の和室で、大会に向けて競技かるたを練習しています。練習への参加や見学はいつでも可能です！お気軽に和室にお越し下さい。,部活,0
環境サークルエコレンジャー,カンキョウサークルエコレンジャー,環境サークルエコレンジャー,筑波大学内外のエコ活動を行います。時代の最先端のテーマ、「環境」について、筑波大・つくば市に求められるありかたを目指し学生の立場からの行動に取り組んでいます。地域のイベントでの環境対策、宿舎のごみ分別PR、エコステーションと協力しての資源ごみ回収が現在の主な活動ですが、みずから新たなプロジェクトを企画することも大歓迎です！,サークル,0
管弦楽団,カンゲンガクダン,管弦楽団,年二回の定期演奏会を中心に、アンサンブルやソロなど多彩な演奏会を行います。 普段は練習のかたわら様々なイベントを企画し、楽しく活動しています。,サークル,0
看護,カンゴ,看護学類,医学群 看護学類の略,学類,0
がんこや かるがん つくば店,ガンコヤ　カルガン　ツクバテン,ラーメン、餃子,"ラーメン、餃子
赤塚635-9
営業時間　11:00～23:00
定休日　水曜日",ラーメン,0
神立小「このゆびとまれ」,カンダツショウ「コノユビトマレ」,神立小「このゆびとまれ」,神立小「このゆびとまれ」,サークル,0
喜元門 本店,キゲンモン　ホンテン,ラーメン、つけ麺、台湾まぜそば,"ラーメン、つけ麺、台湾まぜそば
苅間1223 D12ビル 1F
営業時間　[金～水]11:30～14:00、17:30～21:00
定休日　木曜日",ラーメン,0
機室,キシツ,計算機室,"各学類の計算機室のこと
3C機室など頭にエリア名をつけ、詳しく場所を言い表すこともある",,0
ギター・マンドリン部,ギター・マンドリンブ,ギター・マンドリン部,マンドリン・クラシックギターによる演奏を行います。ソロ・アンサンブル・合奏をやっています。,部活,0
喜乃壺,キノコ,ラーメン、つけ麺,"ラーメン、つけ麺
稲岡728-13
営業時間　12:00～14:00、18:15～20:30　（スープなくなり次第終了）
定休日　日曜・隔週土曜",ラーメン,0
岐阜県人会,ギフケンジンカイ,岐阜県人会,岐阜県人会,県人会,0
キャンパスアテンダント,キャンパスアテンダント,キャンパスアテンダント,キャンパスアテンダント,サークル,0
弓道同好会「春霞」,キュウドウドウコウカイ　「ハルガスミ」,弓道同好会「春霞」,楽しんで弓を引いています。未経験者・経験者ともども大歓迎です！,同好会,0
弓道部,キュウドウブ,弓道部,筑波大学体育会弓道部は、関東学生弓道連盟に所属する筑波大学体育会公認の弓道部です。先生やコーチによる直接の丁寧な指導があるので初心者の方でも入部することができます。見学だけでも大歓迎ですので、是非一度弓道場までお越しください。,部活,0
教育,キョウイク,教育,人間学群 教育学類の略,学類,0
極真空手同好会,キョクシンカラテドウコウカイ,極真空手同好会,極真空手を通して心身の向上をめざします。,同好会,0
斬桐舞,キリキリマイ,斬桐舞,こんにちは：）斬桐舞です。私たちはYOSAKOIソーランを踊っているサークルです。コンセプトとして「ユニバーサルソーラン」を掲げています。これは老若男女、国籍、障がいの有無にかかわらず、みんなで楽しく踊ろう！というものです。学生メンバーだけでなく、小学生から社会人までの幅広い年齢と国籍のメンバー、障がいをもったメンバーも一緒に活動しています。“みんなで楽しく”“みんな笑顔に”それがユニバーサルソーランです。今年は出会ったご縁を大切に、踊れる喜びを感じ、みんなで楽しく踊ろう！という意味の「縁JOY」をモットーにしています。踊ったことがあってもなくても、是非一度練習を見に来てください：）れっつ縁JOY♪,サークル,0
銀の豚,ギンノブタ,ラーメン,"ラーメン
妻木1766-2
営業時間　11:00～22:00(L.O.21:50)
定休日　無休",ラーメン,0
クイズ研究会,クイズケンキュウカイ,クイズ研究会,明るく、気楽にクイズを楽しむ。TVのクイズ大会にでる。,サークル,0
くい亭,クイテイ,定食屋,"定食
上野７０１-２
営業時間
定休日　日曜日",定食,0
熊本県人会　,クマモトケンジンカイ,熊本県人会　,熊本県人会　,県人会,0
クラ代,クラダイ,クラス代表者,"クラス代表者
クラス代表者会議という怖い会議があるという話を聞く",,0
クラレット,クラレット,喫茶店、丼もの、洋食・欧風料理,"喫茶店、丼もの、洋食・欧風料理
天久保3丁目10-8
営業時間　17:30～22:30
定休日　土曜日",洋食,0
CLOVER～難民とともに歩むユース団体～,クローバー～ナンミントトモニアユムユースダンタイ～,CLOVER～難民とともに歩むユース団体～,CLOVERは、難民をはじめとする日本で暮らす外国人の方々が、それぞれの生き方や何気ない毎日に、希望を持ってもらえるよう活動する、筑波大学生を中心とした学生団体です。『Care & Love for Refugees（CLOVER）』の姿勢を大事にし、外国人当事者の方々の声を聴きながら、学生でも出来ることから、日々活動しています。,学生団体,0
群馬県人会,グンマケンジンカイ,群馬県人会,群馬県人会,県人会,0
芸専,ゲイセン,芸術専門学群の略,"芸術専門学群の略
ゲーセンに聞き間違えることがしばしば",学類,0
klis,ケーリス,知識情報・図書館学類の略,"情報学群 知識情報・図書館学類の略
Knowledge and Library Sciencesから
中黒を忘れると除籍されるという噂
知識とも",学類,0
劇団SONICBOOM,ゲキダンソニックブーム,劇団SONICBOOM,劇団SONICBOOMでは、いつでも劇団員を募集しています。演劇なんてやったことないという方、ご安心ください。ソニックは演劇経験者・未経験者は半々です。大学から演劇を始めた人も、すぐに追いつきます。また、舞台を作ったり、映像を作ったりとやりたいことは何でも出来る！必要なのはやる気だけ！ぜひソニックにどうぞ。,サークル,0
劇団竹蜻蛉,ゲキダンタケトンボ,劇団竹蜻蛉,毎年4~5回程演劇の公演を打ちます。公演の団員の参加、不参加は自由。スタッフのみも可。台本の構成、オリジナルは問わず。,サークル,0
劇団筑波小劇場,ゲキダンツクバショウゲキジョウ,劇団筑波小劇場,筑波小劇場には、約40名が所属しています。年に6・7回公演を行ったり、都内に進出したりと精力的に活動しています。,サークル,0
chem,ケム,科学類の略,理工学群 科学類の略,学類,0
現代視覚文化研究会,ゲンダイシカクブンカケンキュウカイ,現代視覚文化研究会,漫画、小説、製本、立体、レビュー、喫茶、音楽、声優、イラスト、PC ゲーム、コスプレの計11班で活動を行っています。それぞれの班の活動内容は上記のURLをご参照ください。  ,サークル,0
剣道同好会,ケンドウドウコウカイ,剣道同好会,学類・学部を問わず様々な学生が集まっています。小学校から剣道を続けている人もいれば大学から始めた人もいるので、自分のペースで剣道に取り組むことが出来ます。外部の方の出稽古も歓迎しています！,同好会,0
剣道部,ケンドウブ,剣道部,剣道部は、時代が移り校名、組織や機構などが変更された今日にあっても、「教育剣道を培う優れた教育者の育成を目的とする」の伝統を受け継ぎ、「修文練武」をモットーとして人間形成を図り、剣道の指導者としての素養を磨くべく日々の部活動に精進をつづけています。,部活,0
coins,コインズ,情報科学類の略,"情報学群 情報科学類の略
情科とも",学類,0
硬式テニスサークルADVANT,コウシキテニスサークルアドベント,硬式テニスサークルADVANT,初心者から経験者まで様々なレベルの人がいます。正規練習以外でも暇なときなどにコート使ってテニスしたりしてます。初心者でもいっぱい打てるのですぐにうまくなれます！,サークル,0
硬式テニス同好会 Fancy Tennis Club,コウシキテニスドウコウカイ　ファンシーテニスクラブ,硬式テニス同好会 Fancy Tennis Club,楽しくテニスをしたい人におすすめのサークルです。初心者から経験者、1年生から院生までどなたでも歓迎します。（貸ラケット有）新歓期間（4〜5月）でなくても追越コートで待ってます。,サークル,0
硬式野球部,コウシキヤキュウブ,硬式野球部,私達硬式野球部では、「大学日本一」を目指しており、「野球を通して心身を鍛え、世界に通じる指導的人物の育成をはかる」ことを目的にしています。興味のある方は野球場まで練習を見に来てください。,部活,0
高知県人会,コウチケンジンカイ,高知県人会,高知県出身、高知県にゆかりのある筑波大生のグループです。高知県人会をつくることができたらと動き始めたところです！フォロー大歓迎です!,県人会,0
ごう家,ゴウヤ,ラーメン、餃子、鳥料理,"ラーメン、餃子、鳥料理
天久保2-15-7
営業時間　
【月～土】11:30～14:30（L．O) 、17:30～24:00（L．O)
【日】11:30～14:30（L．O)、17:30～21:00（L．O)
定休日　不定休",ラーメン,0
coens,コエンズ,応用理工学類の略,"理工学群 応用理工学類の略
応理とも",学類,0
国際,コクサイ,国際総合学類の略,社会・国際学群 国際総合学類の略,学類,0
国際問題研究会　IIRA,コクサイモンダイケンキュウカイ　IIRA,国際問題研究会　IIRA,毎週月曜、中央図書館で学生によるゼミ形式で国際問題や社会科学についてのディスカッションとプレゼンテーションを行っています。,サークル,0
粉くり,コナクリ,粉とクリーム,"粉とクリームのこと
パンとパスタなどのお店
1学、2学、体芸エリアにあり、昼休みには多くの人がここを訪れている",パン,0
ゴルフ部,ゴルフブ,ゴルフ部,せっかく大学に入ったんだから、大学でしか出来ないスポーツやってみませんか？だったらゴルフでしょう。社会に出ても役に立つゴルフやってみませんか？,部活,0
混声合唱団,コンセイガッショウダン,混声合唱団,混声合唱団では、毎年、年１度行われる定期演奏会に向けてプロの指揮者やボイストレーナーの先生を招いて練習をしています。その他にも他団体との合同演奏会や、合唱団の中でグループに分かれて行うアンサンブル大会など、楽しい行事があります。また練習後にサッカーをしたり、春季芸サソフトボール大会では優勝するなど運動面での種々の活動も活発に行っています。,サークル,0
サイクリング部,サイクリングブ,サイクリング部,サイクリング部では、主に自転車で旅をするツーリングと、レースで勝つことを目標に練習する競技の2種類の活動があります。合宿では大学の休みを利用して、夏と春は4～5泊、秋は2～3泊のツーリングに出かけます。初心者、経験者は問いません！私たちと一緒に自転車で走りましょう！,部活,0
佐賀県人会,サガケンジンカイ,佐賀県人会,佐賀県人会,県人会,0
サッカー観戦会Curva,サッカーカンセンカイ,サッカー観戦会Curva,筑波大サッカー観戦会は仲間と共にサッカーのおもしろさを共有、発見することを目的とした団体です。サッカー観戦会では随時新メンバーを大募集してます！,サークル,0
サッカー同好会,サッカードウコウカイ,サッカー同好会,サッカーがしたい方大歓迎!!サッカーを本気で楽しみたい!!上手くなりたい!!そんな人もサッカー同好会なら満足してもらえるはず!!,同好会,0
茶道同好会,サドウドウコウカイ,茶道同好会,裏千家流茶道を通して，日本文化であるお茶を楽しんでいるサークルです。月曜日は自主練習，水曜日は先生をお招きしてのお稽古です。,サークル,0
茶道部和敬清寂社,サドウブワケイセイジャクシャ,茶道部和敬清寂社,茶道という日本文化に触れ、素敵な日本男児&大和撫子を目指してみませんか？茶道を続けたい人、大学から新しいことを始めたい人、そんな皆さんを、私たちは待っています。,サークル,0
サロン デ サン （SALON DES CENT ）,サロン デ サン,カフェ、洋食,"カフェ、洋食
天久保2-20-7 レガートホソダ 1F
営業時間　[火～土]12:00～14:30(L.O.)、18:00～22:00(L.O.)　[月]18:00～22:00(L.O.)
定休日　日曜日",洋食,0
3Ecafeプロジェクトチーム,サンイーカフェプロジェクトチーム,3Ecafeプロジェクトチーム,3E（環境 Environment、エネルギー Energy、経済 Economy）に関わる分野の専門家を招待して、来場者と専門家がコミュニケーションをとりながらトークを楽しむ「3Eカフェ」を開くのが主な活動です。,学生団体,0
3学,サンガク,第三エリアのこと,"第三エリアのこと
3学食堂は
粉とクリーム、マルゼンがある
教室番号は3が頭につく",地名,0
3学食堂,サンガクショクドウ,第三エリア　３Ａ棟１Ｆ,"第三エリア　３Ａ棟１Ｆ
9:30~19:00（月~金）、11:00~14:00（土）",学食,0
山岳旅の会,サンガクタビノカイ,山岳旅の会,計画を立て、メンバーを募り、準備をして、山に登る。,サークル,0
CJE,シージェーイー,知識情報演習,"知識情報演習
知識情報図書館学類必修　標準履修年次2年",学類,0
JKJ,ジェーケージェー,情報基礎実習,"情報基礎実習
知識情報図書館学類必修　標準履修年次1年",学類,0
自主休講,ジシュキュウコウ,意図的に全休を創りだすこと,"意図的に全休を創りだすこと
サボりとも言う",,0
七福軒,シチフクケン,ラーメン,"ラーメン
天久保1-6-14
営業時間　11:00～14:00 18:00～
定休日　日曜日・第1月曜日",ラーメン,0
自動車部,ジドウシャブ,自動車部,筑波大学自動車部は、サーキット、ジムカーナ、ダートトライアル、ラリーなどの競技に参加しつつ普段は車についての雑談やメンテナンスを主な活動としている、筑波大学公認の課外活動団体です。文化系サークルなので自分のペースでゆったりと「クルマ」を楽しめることができます。ぜひ一度遊びに来て下さい！！,部活,0
芝充,シバジュウ,"石の広場北側にある芝でお昼休みや空きコマを過ごすこと
","石の広場北側にある芝でお昼休みや空きコマを過ごすこと
芝の上でリア充するというところから来ている",,0
社会福祉研究会,シャカイフクシケンキュウカイ,社会福祉研究会,定期的・継続的な、直接人と関わるボランティア活動に興味ありませんか？定期的・継続的に人と関わっていくことでしかできないこと、わからないことがあります。人と関わることに興味がある方、単発的なボランティア活動では満足できない方はぜひ私たちと一緒に活動しませんか？,サークル,0
ジャグリングサークルSheep,ジャグリングサークルシープ,ジャグリングサークルSheep,ジャグリング、バルーンのパフォーマンスをしています。学祭等のステージだけでなく、外部イベントでのパ フォーマンスも行っています。,サークル,0
社工,シャコウ,社会工学類の略,理工学群 社会工学類の略,学類,0
写真部,シャシンブ,写真部,活動内容は、基本的に自由です。様々な人がいるので楽しく、しかも上達しながら写真をやっていけると思います。暗室、引き延ばし機を利用できます。,部活,0
写真部さくら組,シャシンブサクラブ,写真部さくら組,普段は写真を撮ったり部員の方とご飯を食べたりと、ゆったりまったり活動しており、不定期で撮影会や展示 を行っています。,サークル,0
JAZZ愛好会,ジャズアイコウカイ,JAZZ愛好会,JAZZ愛好会は主にコンボジャズを演奏する筑波大学公式サークルです。40年近く続いている毎週金曜日のジャ ムセッションや年間数回行われる定期ライブ，様々なイベントを通して音楽を楽しんでいます。,サークル,0
JAMJAM HOUSE,ジャムジャムハウス,JAMJAM HOUSE,"筑波大学の学生がつくるフリーペーパー団体です。年2回、春に新入生歓迎号を、秋にアパート情報号を発行しています。次号で発行ナンバーは93号と歴史も古い団体です。現在筑波大学に在籍する1,2年生8名によって運営されています。",学生団体,0
ジャンク亭,ジャンクテイ,からあげ、ステーキ,"からあげ、ステーキ
天久保2-2-5
営業時間　11:00～22:00(L.O.21:00)
定休日　不定休",定食,0
じゃんつく,ジャンツク,じゃんつく,tkb大学公式麻雀サークル,サークル,0
蹴球部,シュウキュウブ,蹴球部,蹴球部,部活,0
柔道同好会,ジュウドウドウコウカイ,柔道同好会,柔道同好会は経験者はもちろんのこと、初心者、留学生、女子のみなさん大歓迎です。まずは、ぜひ見学に来て下さい！,サークル,0
ジュエル・オブ・インディア つくば店 （JEWEL OF INDIA）,ジュエル・オブ・インディア　ツクバテン,インドカレー、インド料理、アジア・エスニック料理,"インドカレー、インド料理、アジア・エスニック料理
天久保3-10-16 横田ハイツ　１Ｆ
営業時間　ランチ 11:00～16:00（L.O.15：30）、ディナー 16:00～23:00（L.O.22：30）
定休日　年中無休",カレー,0
宿舎祭実行委員会,シュクシャサイジッコウインカイ,宿舎祭実行委員会,宿舎祭実行委員会,サークル,0
手話サークル,シュワサークル,手話サークル,手話を使ったゲームや勉強を行って、手話を学び、ろう文化に触れている。,サークル,0
準硬式野球部,ジュンコウシキヤキュウブ,準硬式野球部,部員は高校野球経験者から野球経験がほぼないという者までいます。また学類も体育専門学群から理系・文系学類の部員まで様々です。このような多様なメンバーの集まりですが、部員・マネージャーともども楽しく・厳しく活動しています。是非、準硬に興味がある方は気軽に見学に来てください。,部活,0
障害,ショウガイ,障害科学類の略,人間学群 障害科学類の略,学類,0
障害者の自立生活を実現する会,ショウガイシャノジリツセイカツヲジツゲンスルカイ,障害者の自立生活を実現する会,障害者の自立生活を実現する会,サークル,0
将棋部,ショウギブ,将棋部,盤面に広がる壮大な宇宙を一緒に考えませんか？初めての方も大歓迎です！,部活,0
少林寺拳法部,ショウリンジケンポウブ,少林寺拳法部,女子でも十分段階を追って練習をしていくのでついていけます。基本的に週3日の練習があり、男女とも和気あいあいと活動しています。,部活,0
女子アイスホッケー部,ジョシアイスホッケーブ,女子アイスホッケー部,全員初心者！少人数でみんな仲良し☆,部活,0
女子サッカー部,ジョシサッカーブ,女子サッカー部,1人1人価値観も経験年数も違いますが、大好きなサッカーを通して繋がり、インカレ優勝を目指して日々練習に 励んでいます。,部活,0
女子ソフトボール部,ジョシソフトボールブ,女子ソフトボール部,こんにちは！筑波大学女子ソフトボール部です！部員募集中＼(^o^)／ 経験者も初心者も大歓迎です！,部活,0
女子バレーボール部,ジョシバレーボールブ,女子バレーボール部,バレーボールは、地球を救う。,部活,0
女子ラクロス部,ジョシラクロスブ,女子ラクロス部,部員のほとんどが大学からラクロスを始めました！「やる時はやる、楽しむ時は楽しむ」とメリハリのある中で元気に活動中です♪新しいスポーツを始めたい人、今までスポーツ経験のない人、マネージャーとしてチームをサポートしてくれる人など、ラクロスに興味を持った方大募集中です！まずはＨＰに遊びに来て下さいね♪,部活,0
書道部,ショドウブ,書道部,普段は年に２回の裏打ちに向けて思い思いに和気あいあいと書いています。留学生もけっこう入ってくれるので（常時１～２名はいます）国際的？ まったりしているのが特徴です。色んな人がいます。気軽に来てください。,部活,0
心身統一合氣道会,シンシントウイツアイキドウカイ,心身統一合氣道会,「心身統一合氣道」とは「氣」の理論に基づく合氣道です。大きな力や武器を使わずに、いかに相手を無力化するか？自分の身を守るにはどうすれば良いか？それらを考え、稽古し、そして実践する場です。少しでも興味をお持ちの方はぜひ一度お越しください。,サークル,0
人文,ジンブン,人文学類の略,人文・文化学群 人文学類の略,学類,0
心理,シンリ,心理学類の略,人間学群 心理学類の略,学類,0
水泳同好会,スイエイドウコウカイ,水泳同好会,大学の温水プールで週2回程度泳ぎます。未経験者大歓迎！初心者、初級、中級、上級コースあります。水球の練習もしてます。,同好会,0
水泳部,スイエイブ,水泳部,筑波大学水泳部は4部門（競泳、水球、飛込、シンクロ）あります。,部活,0
吹奏楽団,スイソウガクダン,吹奏楽団,年間を通して多くの活動・行事・演奏会があります。たくさんのなかまとの充実した大学生活を送りたい人、楽器経験は無いが新しいことをやってみたい人、ガッツリ吹奏楽をやってきて大学でも続けたい人などなど、少しでも吹奏楽に興味がある方は、ぜひ一度当団の練習を見学に来てください！！,サークル,0
スーパーセンタートライアル　つくば学園都市店,スーパーセンタートライアル　ツクバガクエントシテン,スーパーセンター,"スーパーセンター
学園の森三丁目１２番地６
24時間営業
サービスカウンター　9～21時　
カー用品・家電　9～22時
ドラッグ　月～木 10～20時・金土 9～21時・日 9～20時",スーパーマーケット,0
スーパーまるも,スーパーマルモ,スーパーマーケット,"スーパーマーケット
桜3-5-2
朝9時～夜10時",スーパーマーケット,0
図画団,ズガダン,図画団,油絵や水彩画などの作品を制作し、年に2回、展覧会を開いて作品を展示しています。,サークル,0
スキー部,スキーブ,スキー部,スキーを楽しむ→スキーが上手くなる→争いたくなる！！ということで、競技をやってた人も、これからって人も、スキーで勝負をしていきましょう。筑波という地でもスキーをやっていけるんです。部員には大学から競技を始めて頑張っている選手もいます。アルペンもクロカンも部員募集しています。気軽に声をかけてください。,部活,0
スタミナラーメン がむしゃ,スタミナラーメン ガムシャ,ラーメン,"ラーメン
筑穂1-13-2
営業時間　11：30-15：00（L.O14：50）、17：30-22：00（L.O21：50）
定休日　月曜日・第3火曜日",ラーメン,0
ストーリーテリング研究会,ストーリーテリングケンキュウカイ,ストーリーテリング研究会,つくば市内の図書館や保育所で絵本の読み聞かせをしています,サークル,0
SPIKERS'Inc,スパイカーズインコーポレイテッド,SPIKERS'Inc,SPIKERS'Inc,サークル,0
スポーツデー実行委員会,スポーツデージッコウイインカイ,スポーツデー実行委員会,スポーツデー実行委員会,学生団体,0
スポデー,スポデー,スポーツデ－,スポーツデー,イベント,0
スリランカカリーの店 アンマー・カリヤ,スリランカカリーノミセ　アンマー・カリヤ,スリランカ料理、カレー,"スリランカ料理、カレー
桜2-51-1
営業時間　11:30～21:00、15:00～17:00
定休日　無し",カレー,0
聖書研究会,セイショケンキュウカイ,聖書研究会,聖書を囲んでワイワイ、ガヤガヤとダベッテいます。クリスチャンの人もノンクリスチャンの人もいます。ちょっと見に来て！,サークル,0
西友　つくば竹園店,セイユウ　ツクバタケゾノテン,スーパーマーケット,"スーパーマーケット
竹園1-9-2
年中無休　24時間営業
毎月5、20日は5％OFF開催日",スーパーマーケット,0
清六家 総本山,セイロクヤ　ソウホンザン,ラーメン,"ラーメン
花畑2-12-7
営業時間　11:00～翌1:00(L.O.翌0:45)
定休日　無休",ラーメン,0
セグログ,セグログ,グローバルコミュニケーションセンター,"グローバルコミュニケーションセンターのこと
Center for Education of Global Communication",地名,0
ZEYO,ゼヨ,カレーうどん、カレーライス,"カレーうどん、カレーライス
天久保2-6-1 ベストランドⅣ　１Ｆ
営業時間　11:30～14:30、18:00～23:30
定休日 年中無休",カレー,0
全学学群代表者会議,ゼンガクグンダイヒョウシャカイギ,全学学群代表者会議,全学学群代表者会議,学生団体,0
全学計算機,ゼンガクケイサンキ,全学計算機,"A.C.C.C.
Academic Computing and Communications Center",,0
全休,ゼンキュウ,その日一日全てのコマに講義が入っていないこと,その日一日全てのコマに講義が入っていないこと,,0
全休創生,ゼンキュウソウセイ,意図的に全休を創りだすこと,"本来受講しているその日一日の全ての講義を自主休講し、意図的に全休を創りだすこと
サボリとも言う",,0
漕艇部,ソウハンブ,漕艇部,部員の8割は初心者です。運動部未経験者さえ漕いでいます。でもけっこう本気で狙ってます。勝ちたい人、やる気のある人、待ってます。漕手、スタッフともに途中入部も一年中大歓迎です。,部活,0
ソフトテニスサークル　On the Line,ソフトテニスサークル　オンザライン,ソフトテニスサークル　On the Line,ソフトテニスの練習、試合を皆で楽しく行っています。初心者・経験者問わず大歓迎ですので、気軽に練習に来てください。,サークル,0
"ソラ カフェ （SORA CAFE）
",ソラ カフェ,カフェ,"カフェ
天久保3-2-8 ウッディライフつくば 1F
営業時間： 11:30～22:00
定休日： 火曜",スイーツ,0
体育会ラグビー部,タイイクカイラグビーブ,体育会ラグビー部,日本一のチームの一員となりたい方、ラグビーに興味のある方はご連絡ください。,部活,0
大学会館,ダイガクカイカン,入学式や卒業式、健康診断等で利用する,"入学式や卒業式、健康診断等で利用する
付近に～～銀行ATM、ゆうちょATM、文房具屋、マルゼンなどがある",地名,0
体芸,タイゲイ,体育・芸術エリア,"体育・芸術エリアのこと
体芸食堂、陸上競技場や中央体育館など
教室番号は5、6が頭につく",地名,0
体芸食堂,タイゲイショクドウ,"体育・芸術エリア　体育・芸術福利厚生棟１F
11:00~14:00（月~金）","体育・芸術エリア　体育・芸術福利厚生棟１F
11:00~13:00（月~金）",学食,0
体芸図書館,タイゲイトショカン,体育・芸術エリアにある体育・芸術図書館のこと,"体育・芸術エリアにある体育・芸術図書館のこと
学類に関係なく使える計算機室がある",図書館,0
タイ国留学生会,タイコクリュウガクセイカイ,タイ国留学生会,タイ国留学生会,県人会,0
大成軒 学園店,タイセイケン　ガクエンテン,ラーメン、中華料理、餃子,"ラーメン、中華料理、餃子
天久保1-7-13
営業時間　１１：３０～２０：００
定休日　金曜日",ラーメン,0
体専,タイセン,体育専門学群の略,体育専門学群の略,学類,0
体操部,タイソウブ,体操部,組体操やアクロバットから全く新しい用具を用いた運動まで幅広いジャンルの“体操“に取り組み、それらを 様々な場所で発表しています。,部活,0
卓球同好会,タッキュウドウコウカイ,卓球同好会,楽しく卓球をすることを目的とし、初心者・経験者入り混じって楽しく活動をしています。,同好会,0
卓球部,タッキュウブ,卓球部,卓球部,部活,0
龍郎,タツロウ,二郎系ラーメン,"吾妻3丁目にあるラーメン屋
二郎系ラーメン
営業時間　［火～日］11:30～14:30、17:30～22:00
定休日　［月※］月曜祝日は営業、翌火曜日が休日",ラーメン,0
ダブルダッチサークルpurplume,ダブルダッチサークルパープルーメpurplume,ダブルダッチサークルpurplume,ダブルダッチとは、音楽に合わせながら、2本の縄を使って様々な技を披露したり、縄の中でダンスやアクロバットなどのパフォーマンスをしたりするものです。私たちのメンバーはほとんどが初心者で、大学から新しいことを始めたい人にはとてもピッタリなサークルだと思います！誰でも気軽に楽しめるスポーツなので、気になった方は是非一緒にダブルダッチしましょう！！,サークル,0
男子アイスホッケー部,ダンシアイスホッケーブ,男子アイスホッケー部,部員のほとんどが大学からホッケーをはじめました。是非、一度この熱い競技を体感してみてください。,部活,0
男子ソフトボール部,ダンシソフトボールブ,男子ソフトボール部,筑波大学男子ソフトボール部です。 現在関東リーグ2部に所属しています。 興味を持たれた方はお気軽にお声掛けください！,部活,0
男子バスケットボール部,ダンシバスケットボールブ,男子バスケットボール部,当部は1927年に発足し、以来常に大学バスケットボール界をリードしてきた伝統あるチームです。現在も関東1部に所属し、インカレ優勝を目指し日々練習に励んでいます。,部活,0
男子ラクロス部,ダンシラクロスブ,男子ラクロス部,ラクロスはカレッジスポーツと呼ばれ、大学から始める人がほとんどです。スポーツ歴は一切、問われないので、初心者大歓迎です！,部活,0
ダンス部,ダンスブ,ダンス部,全日本高校大学ダンスフェスティバル神戸や学内学外年間通して色々なところで踊らせていただいております！,部活,0
男声合唱団メンネルコール,ダンセイガッショウダンメンネルコール,男声合唱団メンネルコール,男声合唱を楽しむ、練習する、発表する,サークル,0
チェスサークルCaferejansu,チェスサークルカフェ,チェスサークルCaferejansu,私たちは2010年7月に発足した筑波大学のチェスサークルです。出来たばかりなので少人数ですが、毎週楽しく活動しています！メンバーは随時募集中なので、興味がある方はご連絡ください！,サークル,0
知的障碍者スポーツ支援「スポーティア」,チテキショウガイシャスポーツシエン「スポーティア」,知的障碍者スポーツ支援「スポーティア」,知的障碍者スポーツ支援「スポーティア」,サークル,0
千葉県人会,チバケンジンカイ,千葉県人会,出身の市、高校名を言うだけで盛り上がれます！　ほとんどの人が兼サーなので気軽な気持ちで大丈夫です。ぜひ入ってください！,県人会,0
千葉県人会,チバケンジンカイ,千葉県人会,出身の市、高校名を言うだけで盛り上がれます！　ほとんどの人が兼サーなので気軽な気持ちで大丈夫です。,県人会,0
中央図書館,チュウオウトショカン,第一エリアにある筑波大のメインの図書館,"第一エリアにある筑波大のメインの図書館
スターバックスがある",図書館,0
中国留学生学友会,チュウガクリュウガクセイガクユウカイ,中国留学生学友会,中国留学生学友会,県人会,0
中華そば 青葉 つくば店,チュウカソバ　アオバ　ツクバテン,ラーメン、つけ麺,"ラーメン、つけ麺
竹園1-9-2 デイズタウン
営業時間　11:00～22:00　（＊売切りまで）",ラーメン,0
"中華定食 笑飯店
",チュウカテイショク　ショウハンテン,中華料理,"中華料理
桜2-15-3 １F
営業時間　11:00～22:30
定休日　無休",中華,0
中国料理 金源 つくば店,チュウカリョウリ　ジンエン　ツクバテン,中華料理,"中華料理
西岡240-1
営業時間　11：00～翌2：00
定休日　無休",中華,0
津軽三味線倶楽部無絃塾,ツガルジャミセンクラブムゲンジュク,津軽三味線倶楽部無絃塾,私達は、津軽三味線の家元である先生のもと、津軽三味線や民謡などの伝統文化を学んでいるサークルです。みんな、大学に入学して、初めて津軽三味線を持った人ばかりです。どうぞ！気軽に見学にお越し下さい。,サークル,0
つくっく,ツクック,つくっく,つくっくとは筑波大学の料理サークルです！つくばセンター付近の吾妻交流センターというところでみんなで料理をしています。,サークル,0
つくば 山水亭,ツクバ　サンスイテイ,懐石・会席料理、鉄板焼き,"懐石・会席料理、鉄板焼き
小野崎254
営業時間　11:00～14:00、16:00～21:00
定休日　年末年始",鉄板焼き,0
筑波医学生国際交流連盟（TIMSA),ツクバイガクセイコクサイコウリュウレンメイ,筑波医学生国際交流連盟（TIMSA),筑波大学の留学生との交流や、海外に留学に行った経験を皆にプレゼンしたり、英語でチャットを行ったりします。,サークル,0
筑波音楽協会,ツクバオンガクキョウカイ,筑波音楽協会,ほぼ月1で行われるライブに向けてバンドを組み文サ館3階C室において練習している、筑波大学で最も歴史の ある軽音サークルです！,サークル,0
筑波音楽協会,ツクバオンガクキョウカイ,筑波音楽協会,「ちくおん」は筑波大学で最も歴史が長い音楽サークルです。サークルの中でJ-POP・ロック・メタル・ビジュアル系・アニソン・パンク・インスト・オリジナルなど 幅広いジャンルでバンドを組み、月１で行われるライブに向けて音楽活動をしています。,サークル,0
筑波競技合気道クラブ,ツクバキョウギアイキドウクラブ,筑波競技合気道クラブ,競技合気道は他の合気道と違い、試合形式の「乱取」があり、スポーツ的要素を取り入れた実践的なものです。興味をもたれた方は是非一度見学に来てみて下さい。,サークル,0
筑波ジョギングクラブ,ツクバジョギングクラブ,筑波ジョギングクラブ,筑波ジョギングクラブは、みんなで楽しくジョギングしようをモットーに週に２回、軽くおしゃべりをしながら汗を流そうというサークルです。初心者大歓迎！ 何か新しい事をはじめようと思っている人、ダイエットしたい人、筑波ジョギングクラブに是非顔を出してみませんか？,サークル,0
筑波スポーツ新聞,ツクバスポーツシンブン,筑波スポーツ新聞,筑波スポーツ新聞,サークル,0
筑波大學韓國留學生會,ツクバダイガクカンコクリュウガクセイカイ,筑波大學韓國留學生會,筑波大學韓國留學生會,県人会,0
筑波大学循環バス,ツクバダイガクジュンカンバス,つくば駅を起点にキャンパス一周,つくば駅を起点にキャンパス一周。技大や実験植物園付近へも。,,0
筑波大学新聞,ツクバダイガクシンブン,筑波大学新聞,筑波大学構内を中心に配付される本紙。筑波大の学生や教職員が関わるニュースを扱っています。 ,サークル,0
筑波大鉄研「旅と鉄道の会」,ツクバダイテツケン「タビトテツドウノカイ」,筑波大鉄研「旅と鉄道の会」,鉄道やバスの研究をしたり、年に５，６回旅行に行ったりしています。,サークル,0
筑波大ローバー,ツクバダイローバー,筑波大ローバー,私たち筑波大ローバーは大学でボーイスカウト活動をするべく立ち上げられたサークルです。経験者の方はもちろんのこと、未経験者も大歓迎です。興味のある方は是非一度定例会議に来てみて下さい。,サークル,0
筑波台灣留學生會,ツクバタイワンガクセイカイ,筑波台灣留學生會,筑波台灣留學生會,県人会,0
つくばダッシュ村,ツクバダッシュムラ,つくばダッシュ村,つくばダッシュ村,サークル,0
つくば鳥人間の会,ツクバトリニンゲンノカイ,鳥人間の会,"大空を自由に飛びまわりたいーーーそんな人類の太古からの夢を、このサークルで叶えてみませんか？私たちは、毎年テレビでお馴染みの「鳥人間コンテスト」に向けて人力飛行機を作っているサークルです。人力飛行機なんて、なんか難しそう…と思う人もいるかもしれませんが、大丈夫です！
全員が入会時は素人でした。興味とやる気があれば誰でも出来ます。
メンバーは理系・文系と様々な学類から集まって、楽しくワイワイ活動しています。
自分たちが作った飛行機が大空に舞う姿は、筆舌に尽くしがたいものがあります。
飛行機が好きな人も、ものづくりが好きな人も、色んなところに友達を作りたい人も、テレビに映ってみたい人も、とにかく一度、見学に来てみてください！お待ちしてます。",サークル,0
つくばぬいぐるみ病院,ツクバヌイグルミビョウイン,つくばぬいぐるみ病院,保育園や児童館に行き、子供たちと一緒にぬいぐるみを患者に見立てたお医者さんごっこや保険教育に関する 紙芝居や劇などを行っています。保育園児・小学生に「医療とふれあう機会」「健康に関する知識」を提供し、子供達に医 療に対して親しみを持ってもらうことが目的です。,サークル,0
筑波能・狂言研究会,ツクバノウ・キョウゲンケンキュウカイ,筑波能・狂言研究会,狂言研究会では、一緒に能や狂言を演じてみたい人を随時募集しています。その他、笛、小鼓、大鼓、太鼓といった囃子を演奏してみたい人、プロの能や狂言を鑑賞したい人、能・狂言にこだわらず演出・演劇に興味のある人もぜひ一度遊びに来てください。,サークル,0
つくばピア,ツクバピア,つくばピア,私たちは、筑波大学の看護学生を中心として活動しているサークルです。ピアっていうのは「仲間」っていう意味があります。同じ仲間として、中・高校生を対象に、思春期の悩み、性、恋愛、生き方について一緒に考えています。,サークル,0
つくばフェアトレード推進委員会,ツクバフェアトレードスイシンイインカイ,つくばフェアトレード推進委員会,茨城県つくば市にフェアトレードを広めることを目的として活動をしている、学生団体です。つくばのまちチョコ「つくちょこ」のプロデュースや、イベントでの販売活動・広報活動をしています。,学生団体,0
つくばフォーク村,ツクバフォークムラ,つくばフォーク村,「つくばフォーク村」は、筑波大学芸術系サークル連合会に所属する大学公認のサークルです。活動の主たるものは観客を集めて行うライブとそれに向けた練習です。また大学生活を楽しくする構成員同志の交流活動等です。,サークル,0
Tsukuba Futsal Club,ツクバフットサルクラブ,Tsukuba Futsal Club,Tsukuba Futsal Club,サークル,0
筑波文学の会,ツクバブンガクノカイ,筑波文学の会,小説などを書いて持ち寄り、みんなで批評し合います。年2回冊子を出します。,サークル,0
つくばポケモン大好きクラブ,ツクバポケモンダイスキクラブ,つくばポケモン大好きクラブ,ポケモンを通じた会員の交流を目的としています。設立間もないサークルですが、対戦好きのみでなく、ポケモンアニメ、ポケモンカード、ポケモングッズなど、とにかくポケモンが好きな人が自然に集まれるようなサークルを目指しています。,サークル,0
筑波マリンダイビングクラブ,ツクバマリンダイビングクラブ,筑波マリンダイビングクラブ,筑波マリンダイビングクラブは、楽しく安全にスキューバダイビングを行うサークルです。メンバーのほとんどは大学からダイビングをはじめた人ばかりなので、初心者でも安心して参加でき、夏にはダイビングのライセンスを取得し、夏、秋、春はメンバーみんなで合宿に行き実際に海に潜ります！！,サークル,0
筑波模擬国連,ツクバモギコクレン,筑波模擬国連,国連会議のシミュレーションをしています。（Real Role Playing Game）,サークル,0
つくばろぼっとサークル,ツクバロボットサークル,つくばろぼっとサークル,ロボットの制作及びそれに付随する活動,サークル,0
つけめん・らーめん活龍 本店,ツケメン・ラーメンカツリュウ　ホンテン,つけ麺、ラーメン、餃子,"つけ麺、ラーメン、餃子
筑穂1-10-13
営業時間　11:30～14:30、17:30～22:00　（材料が無くなり次第終了）
定休日　月曜日（祝日の場合は営業、翌火曜休み）",ラーメン,0
THK筑波放送協会,ティーエイチケーツクバホウソウキョウカイ,THK筑波放送協会,筑波大学唯一の総合放送サークルです。映像、ラジオ、アナウンス、イベントスタッフといった多岐にわたる 放送活動、制作を行っています。,サークル,0
T.A.S.C.,ティーエーエスシー,T.A.S.C.,T.A.S.C.,サークル,0
TX,ティーエックス,つくばエクスプレス,"つくばエクスプレス
秋葉原～守屋間しか走行しない車両が存在し、守屋エクスプレスと呼称され忌み嫌われている",,0
定食や　おかだ,テイショクヤ　オカダ,定食・食堂,"定食・食堂
花室732
営業時間　[月～土]11:00～15:00 (L.O. 14:30)、17:30～20:30 (L.O. 20:15)
定休日　日曜日、祝祭日",定食,0
デイズタウン,デイズタウン,ショッピングモール,"ショッピングモール
竹園1-9-2
年中無休
スーパー、ゲームセンター、100円ショップ、カラオケ、居酒屋",ショッピングモール,0
TABLE FOR TWO,テイブルフォートゥー,TABLE FOR TWO,日本とアフリカの食の改善を目指す国際ボランティアサークルです。食堂などでTFTメニューを提案し、一食 当たり20円をアフリカの学校給食のために寄付しています。,サークル,0
天辺家,テッペンヤ,ラーメン,"ラーメン
天久保2-6-26
営業時間　11:30～14:30、17:30～22:00",ラーメン,0
天下一品 つくば店,テンカイッピン　ツクバテン,ラーメン、中華料理、飲茶・点心,"ラーメン、中華料理、飲茶・点心
花室982
営業時間　[月～木・日]11:00～23:00　[金・土]11:00～24:00
定休日　なし",ラーメン,0
点字サークル「てんつく」,テンジサークル「テンツク」,点字サークル「てんつく」,点字サークル「てんつく」,サークル,0
伝説のすた丼屋 つくば大学店,デンセツノスタドンヤ　ツクバダイガクテン,豚丼,"豚丼
天久保2-2-4
営業時間　11:00～24:00
定休日　無休",定食,0
天天飯店,テンテンハンテン,中華料理、韓国料理,"中華料理、韓国料理
天久保1-10-18 リッチモンド一番街 204
営業時間　11:30～14:30、17:30～24:00
定休日　無休",中華,0
天文研究会,テンモンケンキュウカイ,天文研究会,天体観望や天体写真撮影、プラネタリウム制作など、 天文学に関することを中心に活動しています。,サークル,0
桐政会,トウセイカイ,桐政会,現在起こっている社会問題について様々な視点から捉えなおすことを目指し、週に１回ゼミを実施しています。 各ゼミではプレゼンテーションを通した論点設定とそれに関する意見交換・ディスカッションが軸となり、３時間で各自の 考えを深めていきます。このときの切り口は経済、法、その他あらゆる分野も含まれ、政治学的なものにとどまりません。,学生団体,0
ときめき太鼓塾,トキメキタイコジュク,ときめき太鼓塾,こんにちは！ときめき太鼓塾は、日本の伝統「和太鼓」を演奏するサークルです！楽しい曲や激しい曲、かっこいい曲まで幅広く、和気あいあいと練習に励んでいます。毎月どこかで公演があるのもまた楽しいです！「ときめき」という名前に「？」な人も、ぜひ足を運んでみてください!!大学生にしかできない、太鼓の楽しさ、伝えます。,サークル,0
徳島県人会,トクシマケンジンカイ,徳島県人会,徳島県人会,県人会,0
図情図書館,トジョウトショカン,春日エリアにある図書館情報学図書館のこと,"春日エリアにある図書館情報学図書館のこと
名前に図書館が2回含まれることから、図書館図書館と呼ばれていることもある",図書館,0
図情バスケットボールサークル,トジョウバスケットボールサークル,図情バスケットボールサークル,主に春日体育館でバスケをしています。活動日などはHPをご覧ください！ どの学類のひとでも、女子でも、男子でも、バスケ初心者も大歓迎です。みんなで楽しくバスケをしましょう！,サークル,0
TOJO K-ON,トジョーケイオン,TOJO K-ON,TOJO K-ON(トジョーケーオンと読みます）は幅広いジャンルの音楽好きが集まっています。コピーバンドや弾き語り、オリジナル曲もOKです！アットホームにまったりと、楽しみながら音楽を究めて行く、そんな感じのサークルです。新入部員は老若男女・学内問わず常に募集中ですので、バンドやってみたい方、せっかく大学に来たんだからサークル入らなきゃなーというアナタ、一生つきあえる趣味を見つけたい方、みんなまとめて大歓迎です！楽器初心者から入部した部員も多くいますので、まずは気軽にのぞいてみてください。,サークル,0
トタンコットンカフェ,トタンコットンカフェ,カフェ、パンケーキ,"カフェ、パンケーキ
天久保3-13-3
営業時間　[月〜金]11:00～16:00(L.O.15:00)　
[土・祝]12:00〜16:00(L.O.15:00)、18:00〜21:00(L.O.20:00)
定休日　日曜、第3月曜日",スイーツ,0
富山県人会,トヤマケンジンカイ,富山県人会,富山県人会,県人会,0
トライアスロン部,トライアスロンブ,トライアスロン部,トライアスロンのレースではSwim(水泳)→Bike(自転車)→Run(マラソン)というように、 3つの競技を続けて行います。これらのレースを完走し、ゴールした時の充実感、達成感といったら他のスポーツではまず体感できません。人生観が変わることもあるでしょう。,部活,0
トランポリン同好会,トランポリンドウコウカイ,トランポリン同好会,トランポリン同好会は筑波大学の中央体育館と守谷市の常総体育館で週３、４回ほどトランポリンを跳んで活動しています。みんな仲良し、練習以外のイベントも盛り沢山の楽しいサークルです！,サークル,0
とりせん研究学園店,トリセンケンキュウガクエンテン,スーパーマーケット,"スーパーマーケット
研究学園D1街区1
営業時間　09:00〜24:00",スーパーマーケット,0
鶏々,トリドリ,ラーメン、つけ麺,"ラーメン、つけ麺
天久保2-11-10
営業時間　11:30～14:30、18:00～23:00
定休日　火曜日",ラーメン,0
鶏白湯らーめん　おび屋,トリパイタンラーメン　オビヤ,ラーメン、餃子、つけ麺,"ラーメン、餃子、つけ麺
要137-3
営業時間　11：30～15：00(L.O)、17：30～22：00(L.O)
定休日　水曜日",ラーメン,0
トレーディングカードゲーム研究会,トレーディングカードゲームケンキュウカイ,トレーディングカードゲーム研究会,トレーディングカードゲーム研究会,サークル,0
とんかつ 千香華味,トンカツ　センコウハナビ,とんかつ,"とんかつ
天久保3-10-10
営業時間　11：00～15：00(14：30)、17：30～23：30(23：00)
定休日　無休",定食,0
とんＱ つくば本店,トンキュー　ツクバホンテン,とんかつ,"とんかつ
東新井13-12
営業時間　11:00～22:00 （L.O.22:00）
定休日　なし",定食,0
豚八,トンパチ,ラーメン,"ラーメン
天久保1-8-6
営業時間　11:30～14:30、17:30～22:00",ラーメン,0
長崎県人会,ナガサキケンジンカイ,長崎県人会,長崎県人会,県人会,0
仲々,ナカナカ,弁当,"弁当
春日4-20-2
営業時間　10:30～21:00
定休日　不定休",弁当,0
軟式庭球部,ナンシキテイキュウブ,軟式庭球部,はじめまして、筑波大学体育会軟式庭球部です。部活の時だけでなく、プライベートでも仲がよく楽しいイベントが企画されることも度々あります！少しでも興味をもたれた方はご連絡ください！！,部活,0
軟式野球同好会　TSUKUBA JOKERS,ナンシキヤキュウドウコウカイ　ツクバジョーカーズ,軟式野球同好会　TSUKUBA JOKERS,さまざまな学類、初心者から元高校球児まで楽しく活動してます。興味のある方はぜひ一度参加してみてください！,サークル,0
軟式野球部,ナンシキヤキュウブ,軟式野球部,筑波大学軟式野球部（愛称：なんや）では硬式野球経験者から初心者まで幅広いメンバーが所属する団体です。 計13大学が属する北関東大学軟式野球連盟に所属し、春秋の年2回開催の大会に参加しています。勝ち進むと春は全国大会、 秋は東日本大会に出場する権利を得ることができます。,部活,0
新潟県人会,ニイガタケンジンカイ,新潟県人会,新潟県人会,県人会,0
2学,ニガク,第二エリアのこと,"第二エリアのこと
粉とクリーム
2学食堂は
教室番号は2が頭につく",地名,0
2学食堂,ニガクショクドウ,第二エリア　２Ｂ棟１Ｆ,"第二エリア　２Ｂ棟１Ｆ
8:20 ~ 18:40 （月~金）、10:00 ~ 13:30 （土）",学食,0
日日,ニチニチ,日本語・日本文化学類の略,人文・文化学群 日本語・日本文化学類の略,学類,0
日中友好雄鷹会（ゆうようかい）,ニッチュウユウコウヨウユウカイ,日中友好雄鷹会（ゆうようかい）,日中友好雄鷹会（ゆうようかい）,サークル,0
人形劇団NEU,ニンギョウゲキダン,人形劇団NEU,人形劇を年4～5回上演しています。,サークル,0
ねっしー・自然教育研究会,ネッシー・シゼンキョウイクケンキュウカイ,ねっしー・自然教育研究会,つくば近辺に住んでいる小中学生を対象に、キャンプや自然観察会などのイベントを企画、運営を行っている。,サークル,0
寝ぶっち,ネブッチ,寝過ごすことで欠席とすること,"主に午前中の講義を、寝過ごすことで欠席とすること
サボリとも言う",,0
農業ヘルパー派遣会社,ノウギョウヘルパーハケンガイシャ,農業ヘルパー派遣会社,農業ヘルパー派遣会社,サークル,0
のうりんむら,ノウリンムラ,のうりんむら,学校では教えてくれない「農業」を学ぼう！今まで知らなかった農業を自分たちで始めよう！という意志の元集まった仲間たちと活動しています。のうりんむらのコンセプトは「農食祭酒」。文字通り、農業をして、収穫物をおいしく食べて、お祭りして、酒を飲もう！ということです。,サークル,0
biol,バイオル　ビオル,生物学類の略,生命環境学群 生物学類の略,学類,0
馬術部,バジュツブ,馬術部,馬９頭、犬２匹、猫２匹とともに毎朝爽やかに馬に乗ってます。障害を飛んだり、華麗なステップを披露したりと、馬術の世界は奥が深い。みな大学生から始めた人ばかり。それでも全日本だって狙えます！学生時代にしかできないこと、一緒に始めませんか？,部活,0
HsCat,ハスキャット,HsCat,HS CaTとは宿舎猫を主な対象とした動物愛護団体です。主な活動はTNRです。Trap（捕獲する） Neuter（避妊手術をする） Release（元に戻す） 猫達のお世話をしながら、優しく頭数を減らすことを目的としています。,学生団体,0
バスケットサークル　WHITE PANDA,バスケットサークル　ホワイトパンダ,バスケットサークル　WHITE PANDA,超初心者向けバスケサークル　「みんなで楽しく」をモットーに。,サークル,0
バスケットボール愛好会,バスケットボールアイコウカイ,バスケットボール愛好会,バスケがやりたい人がきてくれればだれでもOKです。目標はつくば市民トーナメント戦優勝！,サークル,0
バスケットボールサークル「花畑シャーベッツ(男子)＆わっしょい花畑(女子)」,バスケットボールサークル「ハナバタケシャーベッツアンドワッショイハナバタケ」,バスケットボールサークル「花畑シャーベッツ(男子)＆わっしょい花畑(女子)」,チームとしては、「楽しく、そして強いサークル」を目標にしています！分からないことがあったら何でも聞いてください。バスケットボールにアツい方々、お待ちしております☆,サークル,0
バスケットボール同好会,バスケットボールドウコウカイ,バスケットボール同好会,ミニバスから続けている人から大学から始めた人まで、男女みんなで仲良く楽しくバスケットボールをしています！,同好会,0
バドミントン同好会,バドミントンドウコウカイ,バドミントン同好会,バドミントン同好会,サークル,0
花火研究会,ハナビケンキュウカイ,花火研究会,全国の花火大会を見にいったり、学園祭や宿舎祭で打ち上げる花火の演出に関わったりしています。活動やミ ーティングは参加自由。お暇なときに参加してくだされば構いません。まずはお気軽にお声がけください！,サークル,0
はりけんラーメン,ハリケンラーメン,ラーメン,"ラーメン
栗原2857-8
営業時間　11:30～14:30、17:30～21:30　
※材料切れ次第終了
定休日　月曜日",ラーメン,0
バレーボール同好会,バレーボールドウコウカイ,バレーボール同好会,練習はパス・レシーブ・スパイク練習から試合まで幅広く日々同好会リーグ等に向けて楽しく活動しています。,サークル,0
パワーリフティング＆ボディビル部,パワーリフティングブアンドボディビルブ,パワーリフティング＆ボディビル部,パワーリフティングをやりたい人から、少しからだを鍛えたい、体形維持したいという人まで、男女問わず募集しています。,部活,0
バンドストッククラブPBCM,バンドストッククラブピービーシーエム,バンドストッククラブPBCM,月に一回程度、学内の教室等でライブを行っています！ライブだけでなく、夏には福島のペンションで合宿を行ったり、その他季節ごとにさまざまな活動をしています。,サークル,0
ハンドボール同好会,ハンドボールドウコウカイ,ハンドボール同好会,私たち筑波大学ハンドボール同好会（通称ラバーズ）は、筑波大学で、実に恵まれた施設を利用しつつ、週3回活動しています。初心者も経験者もぜひ一度練習に参加してみてください。,サークル,0
艇友会,ハンユウカイ,艇友会,みんなほとんどが初心者です。部員の多くは”楽しくボートを漕ごう”ということでサークルに来ています。でも試合ではいかにベストタイムを更新するかを目標にしています。サークルの雰囲気はとても良いです。,サークル,0
ピアノ愛好会,ピアノアイコウカイ,ピアノ愛好会,協力して、すばらしいコンサートを作り上げる。仲良く楽しく遊ぶ。,同好会,0
Beer bar　girlie shot,ビールバー　ガーリーショット,ビアバー,"ビアバー
天久保1-6-1 ヤマキビル 1F
営業時間　17:00～翌1:30(L.O.24:00)、ミッドナイトタイムメニュー24:00〜Last
定休日　日曜日",居酒屋,0
東池袋大勝軒 うさぎ家,ヒガシイケブクロタイショウケン　ウサギヤ,つけ麺、ラーメン、餃子,"つけ麺、ラーメン、餃子
上横場2200-1
営業時間　11:00～0:00
定休日　1月1日",ラーメン,0
弾き語りクラブアンプラグド,ヒキカタイクラブアンプラグド,弾き語りクラブアンプラグド,私たちアンプラグドは軽音楽サークルです。弾き語りクラブ「アンプラグド」というサークル名称ですが、実際には弾き語りだけでなく、ギター1本によるインストゥルメンタルやセッションなども行っています。ほかのギターサークルと比べると人数が少ないのでアットホームな雰囲気が特長です。,サークル,0
Picnic Tennis Team,ピクニックテニスチーム,Picnic Tennis Team,Picnic Tennis Team,サークル,0
HipHopダンスサークル　RealJam,ヒップホップダンスサークル　リアルジャム,HipHopダンスサークル　RealJam,"Realjamは、HIPHOP,LOCK,JAZZ,WAACK,BREAK,POP,HOUSEからなる7つのジャンルに分かれ活動中です。",サークル,0
比文,ヒブン,比較文化学類の略,人文・文化学群 比較文化学類の略,学類,0
百香亭　本店,ヒャッコウテイ　ホンテン,中華料理、飲茶・点心、中華麺,"中華料理、飲茶・点心、中華麺
東平塚894-1
営業時間　11:00～15:30(L.O.15:00)、17:00～23:00(L.O.22:00)
定休日　年中無休",中華,0
平砂,ヒラスナ,体育・芸術エリアの南,"体育・芸術エリアの南で、多くの学生がここの宿舎に住んでいる
毎年5月にはやどかり祭が開かれる
かつて平砂学生宿舎未改修棟はスラムと呼ばれ、外観も非常に不気味であった",地名,0
広島県人会,ヒロシマケンジンカイ,広島県人会,広島県人会,県人会,0
Fast Break,ファストブレイク,Fast Break,初心者からバスケ部までいろんな人がいます。どんな人でもOK！,サークル,0
ファッションサークルRICOCHET,ファッションサークルリコケット,ファッションサークルRICOCHET,学園祭でのファッションショーの他、展示会の開催などを行っています。服が好きな人、ショーをやってみたい人はぜひ一度遊びに来てください。洋裁をしたことがない人でも始めら れられるように、丁寧にお教えします。また服を作るだけでなく、既製品のコーディネートやアレンジでショーに参加した い人、ヘアメイクをしたい人も大募集中です！,サークル,0
Fancy Tennis Club,ファンシーテニスクラブ,Fancy Tennis Club,楽しくテニスをしたい人におすすめのサークルです。初心者から経験者、1年生から院生までどなたでも歓迎します。,サークル,0
フィールドホッケー部,フィールドホッケーブ,フィールドホッケー部,ヨーロッパを始め世界的に人気の高いオリンピック種目であるフィールドホッケーという競技に打ち込み、技 術の上達や試合での勝利を目指すだけでなく、楽しく和気あいあいとスポーツに親しみ、かけがえのない仲間を作る。,部活,0
phys,フィズ,物理学類の略,理工学群 物理学類の略,学類,0
フェアリースキークラブ,フェアリースキークラブ,フェアリースキークラブ,シーズン中はスキーをやり、それ以外の期間はインラインスケートなどをしています。,サークル,0
"フォーミールズ （four meals）
",フォーミールズ,パスタ、イタリアン、ステーキ,"パスタ、イタリアン、ステーキ
天久保1-8-9
営業時間　11:30～14:30 (L.O. 14:00)、18:00～22:00 (L.O. 21:00)
定休日　月曜日",イタリアン,0
フォルクローレ愛好会,フォルクローレアイコウカイ,フォルクローレ愛好会,中南米の民族音楽、フォルクローレの演奏を楽しみます。大学に入ってからフォルクローレを初めて知った、 という構成員ばかりですが、それぞれ気に入った楽器を選んで、日々練習に励んでいます！民族音楽、といっても伝統的な楽器ばかりではなく、エレキベースやバイオリンなんかも使います。色々な楽器を取り入れた音楽な のです。また、歌を歌いたい！という人も大歓迎です！,サークル,0
フォルクローレサークル南,フォルクローレサークルミナミ,フォルクローレサークル南,フォルクローレとは、中南米の民族音楽を指します。しかし、民族音楽を演奏するからといって、楽譜が読めたり、歌が上手である必要はありません。何故なら皆大学に入って初めてフォルクローレに触れるからです。興味をもたれたら一度聞きにいらしてください。いつでも歓迎します。,サークル,0
ＦＯＲＥＳＴ,フォレスト,ＦＯＲＥＳＴ,テニスしたい人は一日中一の矢コートでテニスできます。初心者も大歓迎。,サークル,0
福井県人会,フクイケンジンカイ,福井県人会,福井県人会,県人会,0
福岡県人会,フクオカケンジンカイ,福岡県人会,福岡県人会,県人会,0
福島県人会,フクシマケンジンカイ,福島県人会,福島県人会,県人会,0
天丼屋 ふくすけ,フクスケ,ふくすけ,"天丼・天重
柴崎1050-1
営業時間　[月～金] 11:00～13:50 17:00～20:30　[土] 11:30～13:50
定休日　土曜日夜・日曜日・祝祭日",定食,0
ふくろう,フクロウ,焼鳥、串焼き、居酒屋,"焼鳥、串焼き、居酒屋
天久保1-6-13
営業時間　18:00～翌01:00
定休日　不定期",居酒屋,0
ぶっち,ブッチ,意図的に全休を創りだすこと,"主に意図的に全休を創りだすこと
サボリとも言う",,0
舞踏研究会,ブトウケンキュウカイ,舞踏研究会,友達欲しいあなた、ダンスが好きなあなた、気軽に遊びに来て下さい！毎年100人を超える仲間とキャンパスライフを楽しみませんか？会員一同、お会いできるのを楽しみに待っております。,サークル,0
武道護身空手部,ブドウゴシンカラテブ,武道護身空手部,「武道を学ぶことによって、かよわい精神を支えるだけではなく、自らが学んだ武道が、その習得される過程において、かよわい精神をも、次第に強くしていく」のです。だからこそ、強くなりたい、弱い自分を変えたいという思いがある人なら、どんな人でも大歓迎です。,部活,0
ぷよぷよサークルUPC,プヨプヨサークルユーピーシー,ぷよぷよサークルUPC,毎週日曜日１５：００～ぷよぷよを中心に様々なゲームをしています。,サークル,0
プライマリケア研究会,プライマリケアケンキュウカイ,プライマリケア研究会,なんでも診てくれるかかりつけのお医者さん、がプライマリケア医であり、 かかりつけのお医者さんがしてくれることがプライマリケアだと考えればわかりやすいでしょうか。プライマリケア研究会では、すべての医者の卵に役立つスキルを、楽しみながら身につけるための活動を行っています。,サークル,0
フライヤーズクラブ　アイオロス,フライヤーズクラブ　アイオロス,フライヤーズクラブ　アイオロス,パラグライダー・ハンググライダーをやってるサークルです。空飛びたい人、大募集中！！,サークル,0
blast,ブラスト,blast,大学生ならではの「ひらめき」と「行動力」を活かし、社会に横たわるさまざまな問題に対して、学生の視点による、新たな解決策を提示することを目指しています。,サークル,0
Free Education,フリーエデュケイション,Free Education,アフタースクールは毎回がミニ教育実習です。教員を目指す人はもちろん、企業への就職を目指す人にも必要なコミュニケーションスキルやロジカルシンキング、プレゼンスキルなどを高める活動も行っています。,サークル,0
フリスビー同好会INVERHOUSE,フリスビードウコウカイインヴァーハウス,フリスビー同好会INVERHOUSE,本気でがんばってます。一度練習見に来てください。,サークル,0
フル単,フルタン,履修した単位をすべて取りきること,履修した単位をすべて取りきること,,0
bres,ブレス,生物資源学類の略,"生命環境学群 生物資源学類の略
資源ともいう",学類,0
ブロックフレーテ同好会,ブロックフレーテドウコウカイ,ブロックフレーテ同好会,ブロックフレーテ同好会は“リコーダーアンサンブル”のサークルです。楽譜が読めないけど音楽をやってみたい人、アットホームな雰囲気が好きな人、一緒に笛を吹いてみませんか？,同好会,0
文芸賞運営委員会,ブンゲイショウウンエイイインカイ,文芸賞運営委員会,文芸賞運営委員会,サークル,0
文芸部,ブンゲイブ,文芸部,文芸部では「肩肘を張らずに文章を楽しむ」という方向で活動しています。,部活,0
ペデ,ペデ,ペデストリアンの略,"ペデストリアンの略
大学構内～つくば駅南までを南北に走る歩行者自転車専用通路
大学構内では授業間の移動で非常に混雑する
春日エリアは隣接しておらず春日学院大学が隣接している",地名,0
鳳凰,ホウオウ,中華料理,"中華料理
天久保2-2-4 １Ｆ
営業時間　11:30～15:00、18:00～23:00
定休日　火曜日",中華,0
法学研究会桐法会,ホウガクケンキュウカトウホウカイ,法学研究会桐法会,法学研究会桐法会,サークル,0
邦楽部,ホウガクブ,邦楽部,邦楽部では筝、三味線、尺八、二胡といった伝統楽器を演奏しています。初心者も多いですが、先生によるお稽古もあるので確実に上達できます。まったりとした雰囲気の中で伝統楽器を奏でてみませんか？,サークル,0
北海道民会,ホッカイドウミンカイ,北海道民会,道産子でない筑波大生のみなさんも、北海道が好きなら参加資格あり！参加したい方は、ご連絡ください！,県人会,0
北方園,ホッポウエン,中華料理,"中華料理
天久保2丁目4-22
営業時間　[月～日]10:00～15:00、17:00～24:00
定休日　不定休",中華,0
ボランティアサークルたいようのかい,ボランティアサークルタイヨウノカイ,ボランティアサークルたいようのかい,ボランティアサークルたいようのかい,サークル,0
ボランティアサークルParty,ボランティアサークルパーティ,ボランティアサークルParty,ボランティアサークルParty,サークル,0
ポルフェ ピッツァ,ポルフェ　ピッツァ,ピザ、イタリアン,"ピザ、イタリアン
二の宮3-8-5
営業時間　【店舗】11：00～21：00　【宅配】11：00～20：45
定休日　年中無休",イタリアン,0
ホワイト餃子　つくば店,ホワイトギョウザ　ツクバテン,餃子,"餃子
下平塚311
営業時間        生餃子販売：10:00 ～ 売切れまで　飲食：17:30 ～19:30
定休日　月曜日、年末年始",中華,0
マジシャンズクラブ,マジシャンズクラブ,マジシャンズクラブ,様々なマジックを行い、文化祭などで披露する。我々筑波大学マジシャンズクラブは手品というエンターテイメント性の高い芸術を通して人々の心に幸せと驚きをもたらす事の出来る自分を発見し、楽しい仲間とその力を高め、精神的、社会的視野をひろげて行こうというサークルです。,サークル,0
math,マス,数学類の略,理工学群 数学類の略,学類,0
mast,マスト,メディア創生学類の略,"情報学群 情報メディア創生学類の略
メ創とも",学類,0
松乃家,マツノヤ,うなぎ、天ぷら,"うなぎ、天ぷら
妻木5-1
営業時間　11:00～20:30
定休日　月曜・火曜（祝日の場合は営業）",定食,0
松屋 つくば西大通り店,マツヤ　ツクバニシオオドオリテン,牛丼、カレーライス、定食・食堂,"牛丼、カレーライス、定食・食堂
春日4丁目1-5
営業時間　24時間営業
定休日　年中無休",定食,0
松屋 つくば東大通店,マツヤ　ツクバヒガシオオドオリテン,牛丼、カレーライス、定食・食堂,"牛丼、カレーライス、定食・食堂
妻木1768-1
営業時間　24時間営業
定休日　年中無休",定食,0
まなびつくば,マナビツクバ,まなびつくば,まなびつくば,サークル,0
学び場さくら塾,マナビバサクラジュク,学び場さくら塾,つくば市内の地域の子ども達に無償で学習補助を行っています。,サークル,0
丸亀製麺 クレオスクエアキュート店,マルカメセイメン　クレオスクエアキュートテン,うどん、天ぷら,"うどん、天ぷら
吾妻1-6-1 つくばクレオスクエア キュート 1F
営業時間　10:00～20:00
定休日",うどん,0
"丸長
",マルチョウ,ラーメン、つけ麺,"ラーメン、つけ麺
春日4-12-3
営業時間　11:30～15:00、18:00～20:30
定休日　水曜日",ラーメン,0
漫画研究会,マンガケンキュウカイ,漫画研究会,活動内容は主に漫画・イラストを描くことで、普段はメンバー同士で自分流の絵の描き方を教えあったり、同じテーマで落描きをしたり、のんびりと活動しています。漫画好き、漫画やイラスト描きたい人集まれ～！,サークル,0
美咲子の会,ミサコノカイ,美咲子の会,美咲子の会,サークル,0
ミステリー研究会,ミステリーケンキュウカイ,ミステリー研究会,ミステリー研究会,サークル,0
ミュージカル集団ESSASSA,ミュージカルシュウダンESSASSA,ミュージカル集団ESSASSA,年3回ミュージカルの公演を打っています。キャスト、スタッフ共に、舞台を作り上げるため日々活動しています。,サークル,0
明神 角ふじ,ミョウジン　カドフジ,ラーメン、つけ麺,"ラーメン、つけ麺
上横場2192-1
営業時間　11:00～翌3：00
定休日　無休",ラーメン,0
meds,メッズ,医療科学の略,医学群 医療科学類の略,学類,0
麺や 蒼,メンヤ　アオイ,ラーメン、つけ麺,"ラーメン、つけ麺
竹園2-6-10
営業時間　11:30～14:30、17:30～21:00　(材料なくなり次第終了)
定休日　水曜",ラーメン,0
麺や 小五郎,メンヤ　コゴロウ,ラーメン、餃子,"ラーメン、餃子
桜1-12-1
営業時間　11：30～14：00、17：30～22：00
定休日　不定休",ラーメン,0
麺や 松辰,メンヤ　マツシン,ラーメン、つけ麺,"ラーメン、つけ麺
天久保1-15-15 くいだおれ5号館 1F
営業時間　11:30～14:30、17:30～21:30
定休日　月曜日",ラーメン,0
麺や　武蒼,メンヤ　ムソウ,つけ麺、ラーメン、餃子,"つけ麺、ラーメン
柴崎1050-1
営業時間　11:30-14:30、17:30-20:30
定休日　水曜日",ラーメン,0
moikka,モイッカ,洋菓子,"洋菓子
春日4-20-1
営業時間　10:00～18:30
定休日　火曜日",スイーツ,0
野外活動クラブ,ヤガイカツドウクラブ,野外活動クラブ,さまざまな地域の自然と親しみ、キャンプ・登山などの技術の習得を目指す事を目的としています。具体的な活動としては、春に五月キャンプ夏に長期キャンプ秋には追い出しキャンプとキャンプを年に数回行い、その一方で登山・スキンダイビング・釣り・スキー・果物狩り等を不定期に行っています。,サークル,0
焼き物をつくる会,ヤキモノヲツクルカイ,焼き物をつくる会,ろくろやてびねりでの陶芸。食器、オブジェなど、陶で何か作りたい人。土こねたい人。ろくろ回したい人。歓迎します。,サークル,0
野生動物研究会,ヤセイドウブツケンキュウカイ,野生動物研究会,普段の生活やフィールドワークを通して生き物をみつけます。夏と春には合宿を行なっています。,サークル,0
やど祭,ヤドサイ,やどかり祭のこと、宿舎祭ともいう,"やどかり祭のこと、宿舎祭ともいう
毎年5月に行われる
やど祭マジックというものが存在する",イベント,0
山形県人会,ヤマガタケンジンカイ,山形県人会,山形県人に限らず、山形県にゆかりがある方、山形県好きな方、一緒に活動してみませんか？もちろん山形県人大歓迎です。（ただし、運営の便宜上、会員資格として「つくばに住む大学生であること（院を含む）」とさせていただきます。）,県人会,0
山とスキーの会 DOWNHILL,ヤマトスキーノカイ　ダウンヒル,山とスキーの会 DOWNHILL,シーズン中はスノーボードを中心に活動しています。レベルはみんなバラバラで、大学生になって初めて滑るようになった人も多くいます。興味がある人は気軽に連絡してください！,サークル,0
UTclub,ユーティークラブ,UTclub,UTClubは紫峰会【筑波大学学生後援会】と協力して筑波大学オリジナルグッツの開発をしているサークルです！,サークル,0
ULISバドミントン部,ユーリスバドミントンブ,ULISバドミントン部,"団体名に""部""とありますが、部活ではなくサークルです！！みんなで楽しくバドミントンしましょう！",部活,0
ULISバレーボール部,ユーリスバレーボールブ,ULISバレーボール部,ulis(ユーリス)バレーは、筑波大学で活動している、みんなでバレーボールを楽しもう！というサークルです。男女、学類、経験者初心者ごちゃ混ぜで活動しています。ぜひぜひ気軽に参加してください。,部活,0
夢屋,ユメヤ,定食屋,"春日4丁目にある定食屋
ジャンボチキン定食両大が重食として有名
営業時間　［月・火、木～土］11：30～13：45、18：00～22：00　［日・祝］18:00～21:00
定休日　［水・他］",定食,0
ヨット部,ヨットブ,ヨット部,主に霞ヶ浦で活動しています。,部活,0
ラ・コート・ダジュール 本店 （La Cote d'Azurl）,ラ・コート・ダジュール　ホンテン,ケーキ、スイーツ,"ケーキ、スイーツ
東新井19-26
営業時間　9:30～19:30
定休日　火曜日定休（臨時休業あり）",スイーツ,0
ラーニングコモンズ,ラーニングコモンズ,LCとも,"LCとも
中央図書館、図書館情報学図書館に設置されている",,0
"らーめん盛智
",ラーメンモリトモ,ラーメン、つけ麺,"ラーメン、つけ麺
花畑3-12-8
営業時間　11:30～14:30(L.O.14:00)、17:30～22:00(L.O.21:30)
定休日　木曜日",ラーメン,0
ライフセービング部,ライフセービングブ,ライフセービング部,ライフセービングとは、一言で言えば、水辺での事故を無くすための活動です。海水浴場での監視救助活動、次世代への教育活動、海岸清掃、競技会、オーストラリアでの講習会など幅広い活動を行っています。「事故を未然に防ぐ」ことが大事ですから、体力など関係なく、やさしささえあれば誰にでもできる活動です！体力・泳力は問いません！私たちと一緒に活動してみませんか？,部活,0
ライフル射撃部,ライフルシャゲキブ,ライフル射撃部,筑波大学ライフル射撃部は主にエアライフルでの標的射的を行っています。標的射的競技は100mm×100mmの的を10m先に置き、これを撃って得点を競う競技です。ライフル射撃は体力や男女に関係なく誰でも始めることが出来ます。,部活,0
落語研究会,ラクゴケンキュウカイ,落語研究会,落語だけでなく、大喜利、コント、漫才を行っています。楽しいことがしたい人、変なことがしたい人、変な人や楽しい人を見たい人、ぜひ一度遊びに来てください。個性的なメンバーがそろっています。,サークル,0
楽単,ラクタン,楽にとれる単位,楽にとれる単位,,0
落単,ラクタン,単位を落とすこと,単位を落とすこと,,0
ラグビー同好会U.T.C,ラグビードウコウカイユーティーシー,ラグビー同好会U.T.C,筑波大の学生・他大学の学生・経験者・未経験者が共に練習し、チームとしてまとまっています。 筑波大学U.T.C.は熱い精神を持った人材をいつでも求めているので、興味のある方は是非一度練習を見に来てください。,サークル,0
ラグビー部,ラグビーブ,ラグビー部,ラグビー部,部活,0
ラジオサークルroots,ラジオサークルルーツ,ラジオサークルroots,ラジオ番組の企画・制作。ラヂオつくば(FM84.2MHz)の番組「TURN」及び、ブログでのポッドキャスト配信ラジオの制作。各種放送コンクールへの出品。,サークル,0
RanRan,ランラン,大盛り丼ぶりのお店,"春日4丁目にある大盛り丼ぶりのお店
名物はBIG丼大盛り
営業時間　［月～金］17：00～23：30
定休日　［土・日・他］",定食,0
Realjam,リアルジャム,Realjam,Realjamは筑波大学唯一のストリートダンスのサークルです。構成員のほとんどは大学からストリートダンスを始めた人ばかり!!初心者でも上手くなれます!!またダンスだけではなく、みんなで集まったり、ご飯を食べたり、遊んだりして上下関係なくとても仲の良いサークルです。,サークル,0
陸上同好会,リクジョウドウコウカイ,陸上同好会,筑波大学陸上同好会はサークルですが、「みんな陸上を楽しみたい！」という気持ちをもって取り組んでいるため練習はわりとガッツリやります！！陸上を極めたい人から初心者の人まで多くの方が切磋琢磨しています。,同好会,0
李飯店,リハンテン,中華料理,"中華料理
3丁目1-11
営業時間　11:00～23:00
定休日　無休",中華,0
留学生交流会,リュウガクセイコウリュウカイ,留学生交流会,留学生交流会,サークル,0
ルービックキューブ同好会,ルービックキューブドウコウカイ,ルービックキューブ同好会,ルービックキューブ、その他立体パズル、ジグソーパズルなどを通じた交流 ,サークル,0
ループ,ループ,筑波大学外周の道路のこと,"筑波大学外周の道路のこと
1週20㎞で循環バスが走行している",地名,0
歴史探訪会,レキシタンホウカイ,歴史探訪会,筑波大学の文化系サークルです。主な活動は歴史に関係のある史跡・博物館などを訪れることです。普段は週末を利用し日帰りですが、夏休みなどの長期休暇には泊りがけの探訪を行います。,サークル,0
WordFut TSUKUBA,ワードファットツクバ,WordFut TSUKUBA,サッカーを通して社会貢献をする公認学生団体WorldFut TSUKUBAです。主な活動はチャリティーフットサル大会の企画・運営。 カンボジアはスマオン村の支援などです。,サークル,0
ワンダーフォーゲルクラブ,ワンダーフォーゲルクラブ,ワンダーフォーゲルクラブ,関東近郊の山を中心に夏山登山はもちろん、沢登りや冬山登山をやってます。毎週のミーティングでは登山に 必要な知識を勉強します。週末はボルダリングにも行きます。,サークル,0
学生団体C4（ツクナビ）,学生団体シーフォー,学生団体C4（ツクナビ）,地域情報サイト「ツクナビ」の運営・雑誌『ツクマガ』の発行を中心に活動しています。,学生団体,0
